iter	Logloss
0	0.5703874012
1	0.5218582127
