iter	Logloss
0	0.5881093155
1	0.5671033031
